BusinessDate,CompanyCode,SiteCode,GrossAmount,temp,humidity,precip,snow,holiday,weekend
2023-01-10,C1061,L1098,3972.5,9.3,87.0,7.198,0.0,0,0
2023-01-11,C1061,L1098,6309.5,9.2,78.6,1.417,0.0,0,0
2023-01-12,C1061,L1098,8223.0,11.2,81.3,6.601,0.0,0,0
2023-01-13,C1061,L1098,8417.5,8.6,69.5,0.0,0.0,0,0
2023-01-14,C1061,L1098,13847.0,9.4,81.4,9.612,0.0,0,1
2023-01-15,C1061,L1098,5693.5,5.7,74.5,0.199,0.0,0,1
2023-01-17,C1061,L1098,4704.5,-0.9,86.9,0.0,0.0,0,0
2023-01-18,C1061,L1098,8109.0,1.2,83.2,0.0,1.0,0,0
2023-01-19,C1061,L1098,9120.5,1.3,84.0,0.0,0.0,0,0
2023-01-20,C1061,L1098,9570.0,3.2,78.2,0.0,0.0,0,0
2023-01-21,C1061,L1098,12588.5,2.8,80.3,0.0,0.0,0,1
2023-01-22,C1061,L1098,5534.0,0.2,89.2,0.0,1.0,0,1
2023-01-24,C1061,L1098,4817.5,3.9,78.3,0.0,0.0,0,0
2023-01-25,C1061,L1098,6496.5,2.0,95.0,2.003,0.0,0,0
2023-01-26,C1061,L1098,8015.5,5.8,84.0,1.199,0.0,0,0
2023-01-27,C1061,L1098,11958.0,5.6,77.2,0.0,0.0,0,0
2023-01-28,C1061,L1098,11842.0,5.4,67.9,0.0,0.0,0,1
2023-01-29,C1061,L1098,6176.99,6.4,85.5,0.0,0.0,0,1
2023-01-31,C1061,L1098,6005.5,7.8,73.7,0.0,0.0,0,0
2023-02-01,C1061,L1098,6181.0,7.6,73.4,0.0,0.0,0,0
2023-02-02,C1061,L1098,9992.0,8.8,80.0,0.0,0.0,0,0
2023-02-03,C1061,L1098,9722.0,9.8,81.7,0.0,0.0,0,0
2023-02-04,C1061,L1098,12451.5,8.1,83.8,0.0,0.0,0,1
2023-02-05,C1061,L1098,6179.5,5.0,77.5,0.0,0.0,0,1
2023-02-07,C1061,L1098,10410.5,1.9,85.9,0.077,0.0,0,0
2023-02-08,C1061,L1098,7434.5,1.3,81.1,0.022,0.0,0,0
2023-02-09,C1061,L1098,8868.0,3.6,83.0,0.11,0.0,0,0
2023-02-10,C1061,L1098,8697.0,3.9,82.1,0.022,0.0,0,0
2023-02-11,C1061,L1098,11957.0,8.3,81.8,0.0,0.0,0,1
2023-02-12,C1061,L1098,6510.5,7.5,81.6,0.055,0.0,0,1
2023-02-14,C1061,L1098,5789.5,4.7,88.2,0.2,0.0,0,0
2023-02-15,C1061,L1098,3246.0,7.4,80.1,0.022,0.0,0,0
2023-02-16,C1061,L1098,8652.0,9.6,90.0,0.474,0.0,0,0
2023-02-17,C1061,L1098,8520.0,12.3,83.7,0.0,0.0,0,0
2023-02-18,C1061,L1098,12298.5,11.9,79.0,0.002,0.0,0,1
2023-02-19,C1061,L1098,6735.0,10.0,71.6,0.0,0.0,0,1
2023-02-21,C1061,L1098,5669.0,8.6,85.6,0.0,0.0,0,0
2023-02-22,C1061,L1098,6876.0,7.8,84.8,3.792,0.0,0,0
2023-02-23,C1061,L1098,5144.0,6.9,77.7,0.001,0.0,0,0
2023-02-24,C1061,L1098,7145.0,5.4,76.4,0.0,0.0,0,0
2023-02-25,C1061,L1098,11144.0,5.6,70.0,0.0,0.0,0,1
2023-02-26,C1061,L1098,3092.0,4.8,63.7,0.0,0.0,0,1
2023-02-28,C1061,L1098,7020.0,5.4,79.0,0.0,0.0,0,0
2023-03-01,C1061,L1098,8695.0,6.2,75.3,0.0,0.0,0,0
2023-03-02,C1061,L1098,7513.0,5.5,69.1,0.0,0.0,0,0
2023-03-03,C1061,L1098,8816.0,5.8,67.7,0.0,0.0,0,0
2023-03-04,C1061,L1098,12570.0,6.2,67.7,0.0,0.0,0,1
2023-03-05,C1061,L1098,5729.5,4.5,64.8,0.0,0.0,0,1
2023-03-07,C1061,L1098,6925.0,3.5,83.7,4.008,0.2,0,0
2023-03-08,C1061,L1098,8981.0,2.4,92.2,12.384,3.2,0,0
2023-03-09,C1061,L1098,9727.5,6.4,94.5,4.421,0.0,0,0
2023-03-10,C1061,L1098,8522.5,5.6,77.5,2.604,0.2,0,0
2023-03-11,C1061,L1098,13241.5,4.2,72.4,1.597,0.0,0,1
2023-03-12,C1061,L1098,5531.0,10.1,85.7,1.0,0.0,0,1
2023-03-14,C1061,L1098,6697.5,7.1,67.9,2.014,0.0,0,0
2023-03-15,C1061,L1098,2532.0,5.5,80.6,2.204,0.0,0,0
2023-03-16,C1061,L1098,8243.5,11.3,78.7,1.002,0.0,0,0
2023-03-17,C1061,L1098,10396.0,12.1,84.8,4.98,0.0,0,0
2023-03-18,C1061,L1098,12167.5,11.0,85.1,4.192,0.0,0,1
2023-03-19,C1061,L1098,7977.5,9.0,73.1,1.391,0.0,0,1
2023-03-21,C1061,L1098,7569.5,11.4,79.8,0.404,0.0,0,0
2023-03-22,C1061,L1098,7870.5,12.2,78.8,1.204,0.0,0,0
2023-03-23,C1061,L1098,9890.5,11.7,75.5,2.423,0.0,0,0
2023-03-24,C1061,L1098,9350.5,10.5,77.4,4.805,0.0,0,0
2023-03-25,C1061,L1098,12589.0,11.0,68.6,0.598,0.0,0,1
2023-03-26,C1061,L1098,3396.0,8.2,79.1,6.212,0.0,0,1
2023-03-28,C1061,L1098,7703.0,7.5,75.5,2.206,0.0,0,0
2023-03-29,C1061,L1098,6032.0,11.5,88.1,7.0,0.0,0,0
2023-03-30,C1061,L1098,6963.5,13.0,76.8,0.801,0.0,0,0
2023-03-31,C1061,L1098,9419.5,11.2,89.6,18.237,0.0,0,0
2023-04-01,C1061,L1098,9946.0,9.9,80.4,0.206,0.0,0,1
2023-04-02,C1061,L1098,4947.5,8.5,68.1,0.0,0.0,0,1
2023-04-04,C1061,L1098,5738.0,8.0,61.0,0.0,0.0,0,0
2023-04-05,C1061,L1098,7619.5,8.8,67.3,0.796,0.0,0,0
2023-04-06,C1061,L1098,8639.5,10.7,81.5,4.789,0.0,0,0
2023-04-07,C1061,L1098,6805.5,10.4,59.4,0.0,0.0,1,0
2023-04-08,C1061,L1098,7294.5,9.7,73.6,0.0,0.0,0,1
2023-04-09,C1061,L1098,4324.0,11.3,67.9,0.0,0.0,0,1
2023-04-11,C1061,L1098,3494.0,9.4,76.0,5.234,0.0,0,0
2023-04-12,C1061,L1098,5262.5,8.4,74.9,1.822,0.0,0,0
2023-04-13,C1061,L1098,7590.5,9.5,61.8,0.003,0.0,0,0
2023-04-14,C1061,L1098,9219.0,8.3,79.1,12.339,0.0,0,0
2023-04-15,C1061,L1098,11666.0,10.3,77.3,0.808,0.0,0,1
2023-04-16,C1061,L1098,2641.5,12.1,67.9,0.0,0.0,0,1
2023-04-18,C1061,L1098,5765.5,9.8,72.0,0.0,0.0,0,0
2023-04-19,C1061,L1098,7700.0,11.2,68.0,0.0,0.0,0,0
2023-04-20,C1061,L1098,7589.0,9.9,64.0,1.599,0.0,0,0
2023-04-21,C1061,L1098,10403.0,8.9,78.2,1.208,0.0,0,0
2023-04-22,C1061,L1098,13504.0,9.9,71.7,0.0,0.0,0,1
2023-04-23,C1061,L1098,5992.5,11.2,79.6,3.629,0.0,0,1
2023-04-25,C1061,L1098,6786.0,7.6,59.5,0.002,0.0,0,0
2023-04-26,C1061,L1098,8246.5,8.7,61.9,0.0,0.0,0,0
2023-04-27,C1061,L1098,7717.0,10.1,73.0,6.212,0.0,0,0
2023-04-28,C1061,L1098,10619.5,13.9,80.9,0.803,0.0,0,0
2023-04-29,C1061,L1098,11346.5,13.1,67.6,0.0,0.0,0,1
2023-04-30,C1061,L1098,7330.0,13.4,65.5,0.0,0.0,0,1
2023-05-02,C1061,L1098,3328.5,12.1,70.5,0.0,0.0,0,0
2023-05-03,C1061,L1098,1382.0,10.7,66.7,0.0,0.0,0,0
2023-05-04,C1061,L1098,7291.5,13.7,70.1,0.0,0.0,0,0
2023-05-05,C1061,L1098,11495.5,15.4,73.4,3.187,0.0,0,0
2023-05-06,C1061,L1098,6596.5,13.5,88.5,4.818,0.0,0,1
2023-05-07,C1061,L1098,5207.5,15.8,75.0,0.0,0.0,0,1
2023-05-09,C1061,L1098,5281.0,15.0,82.3,10.247,0.0,0,0
2023-05-10,C1061,L1098,8066.0,14.0,77.7,0.426,0.0,0,0
2023-05-11,C1061,L1098,4430.0,13.5,73.2,0.997,0.0,0,0
2023-05-12,C1061,L1098,9428.5,11.8,82.6,0.402,0.0,0,0
2023-05-13,C1061,L1098,11442.5,11.3,82.7,0.0,0.0,0,1
2023-05-14,C1061,L1098,6504.5,14.1,69.3,0.0,0.0,0,1
2023-05-16,C1061,L1098,6316.0,13.0,59.5,0.0,0.0,0,0
2023-05-17,C1061,L1098,4864.5,13.7,66.7,0.0,0.0,0,0
2023-05-18,C1061,L1098,7218.0,14.6,61.4,0.0,0.0,0,0
2023-05-19,C1061,L1098,9994.5,13.7,64.3,0.0,0.0,0,0
2023-05-20,C1061,L1098,10087.5,14.3,60.6,0.0,0.0,0,1
2023-05-21,C1061,L1098,4649.0,14.4,61.2,0.0,0.0,0,1
2023-05-23,C1061,L1098,6104.5,14.0,63.5,0.0,0.0,0,0
2023-05-24,C1061,L1098,816.5,15.8,60.7,0.0,0.0,0,0
2023-05-25,C1061,L1098,15822.5,15.0,63.0,0.0,0.0,0,0
2023-05-26,C1061,L1098,9565.0,14.2,60.5,0.0,0.0,0,0
2023-05-27,C1061,L1098,15960.0,14.6,65.3,0.0,0.0,0,1
2023-05-28,C1061,L1098,7261.0,16.1,55.6,0.0,0.0,0,1
2023-05-30,C1061,L1098,4187.5,13.2,66.3,0.0,0.0,0,0
2023-05-31,C1061,L1098,4571.5,13.9,72.8,0.001,0.0,0,0
2023-06-01,C1061,L1098,6460.0,13.7,68.9,0.0,0.0,0,0
2023-06-02,C1061,L1098,7424.0,13.9,58.7,0.0,0.0,0,0
2023-06-03,C1061,L1098,8136.0,15.0,65.6,0.0,0.0,0,1
2023-06-04,C1061,L1098,5346.0,16.0,60.4,0.0,0.0,0,1
2023-06-06,C1061,L1098,4405.5,13.7,65.4,0.002,0.0,0,0
2023-06-07,C1061,L1098,5920.5,14.8,67.8,0.0,0.0,0,0
2023-06-08,C1061,L1098,6544.0,15.7,63.6,0.0,0.0,0,0
2023-06-09,C1061,L1098,8814.5,18.4,65.8,0.0,0.0,0,0
2023-06-10,C1061,L1098,12464.5,22.2,57.4,0.0,0.0,0,1
2023-06-11,C1061,L1098,3400.5,22.9,55.8,0.027,0.0,0,1
2023-06-13,C1061,L1098,6404.0,22.1,46.2,0.0,0.0,0,0
2023-06-14,C1061,L1098,7761.0,20.8,48.2,0.0,0.0,0,0
2023-06-15,C1061,L1098,5933.5,21.2,52.4,0.0,0.0,0,0
2023-06-16,C1061,L1098,6512.5,21.4,46.4,0.0,0.0,0,0
2023-06-17,C1061,L1098,13018.5,20.4,53.9,0.001,0.0,0,1
2023-06-18,C1061,L1098,5102.5,20.4,75.1,1.225,0.0,0,1
2023-06-20,C1061,L1098,9025.5,20.2,72.0,0.049,0.0,0,0
2023-06-21,C1061,L1098,7892.0,20.8,65.4,10.919,0.0,0,0
2023-06-22,C1061,L1098,8120.5,21.5,61.3,0.0,0.0,0,0
2023-06-23,C1061,L1098,7837.0,22.0,56.4,0.0,0.0,0,0
2023-06-24,C1061,L1098,8918.0,22.2,65.3,0.0,0.0,0,1
2023-06-25,C1061,L1098,5469.5,23.9,53.7,0.0,0.0,0,1
2023-06-27,C1061,L1098,5705.0,19.1,60.3,0.0,0.0,0,0
2023-06-28,C1061,L1098,7613.5,20.8,73.1,0.001,0.0,0,0
2023-06-29,C1061,L1098,9213.0,19.2,69.5,0.444,0.0,0,0
2023-06-30,C1061,L1098,7975.0,17.1,69.5,0.0,0.0,0,0
2023-07-01,C1061,L1098,8888.0,19.4,65.7,0.002,0.0,0,1
2023-07-02,C1061,L1098,6849.0,17.2,55.9,0.0,0.0,0,1
2023-07-04,C1061,L1098,6555.0,15.4,75.5,0.111,0.0,0,0
2023-07-05,C1061,L1098,6524.0,15.8,70.7,0.024,0.0,0,0
2023-07-06,C1061,L1098,10296.0,17.2,59.8,0.198,0.0,0,0
2023-07-07,C1061,L1098,7576.5,21.5,52.7,0.0,0.0,0,0
2023-07-08,C1061,L1098,8748.5,21.7,70.8,0.012,0.0,0,1
2023-07-09,C1061,L1098,4755.5,19.7,69.4,0.0,0.0,0,1
2023-07-11,C1061,L1098,1025.0,19.8,67.3,0.203,0.0,0,0
2023-07-12,C1061,L1098,5279.0,18.2,69.3,0.003,0.0,0,0
2023-07-13,C1061,L1098,8214.0,17.7,71.2,0.22,0.0,0,0
2023-07-14,C1061,L1098,8235.0,16.9,84.2,0.077,0.0,0,0
2023-07-15,C1061,L1098,10421.5,18.2,70.0,7.148,0.0,0,1
2023-07-16,C1061,L1098,4311.5,17.7,63.9,0.005,0.0,0,1
2023-07-18,C1061,L1098,6027.5,18.2,63.8,0.0,0.0,0,0
2023-07-19,C1061,L1098,7854.0,19.0,65.6,0.794,0.0,0,0
2023-07-20,C1061,L1098,8805.31,18.6,55.9,0.198,0.0,0,0
2023-07-21,C1061,L1098,9297.0,15.9,63.5,0.0,0.0,0,0
2023-07-22,C1061,L1098,9139.3,14.8,84.6,6.055,0.0,0,1
2023-07-23,C1061,L1098,2146.3,18.5,79.3,4.281,0.0,0,1
2023-07-25,C1061,L1098,5113.5,15.8,67.3,0.059,0.0,0,0
2023-07-26,C1061,L1098,7739.43,16.2,69.9,7.005,0.0,0,0
2023-07-27,C1061,L1098,9282.81,19.3,85.0,2.417,0.0,0,0
2023-07-28,C1061,L1098,9484.5,19.4,75.0,0.0,0.0,0,0
2023-07-29,C1061,L1098,10042.2,19.1,67.9,0.201,0.0,0,1
2023-07-30,C1061,L1098,6888.09,17.4,76.4,0.227,0.0,0,1
2023-08-01,C1061,L1098,7593.83,17.9,71.7,0.993,0.0,0,0
2023-08-02,C1061,L1098,7838.8,17.1,86.9,7.306,0.0,0,0
2023-08-03,C1061,L1098,7818.94,18.0,69.1,5.766,0.0,0,0
2023-08-04,C1061,L1098,10571.07,17.1,72.1,0.0,0.0,0,0
2023-08-05,C1061,L1098,10786.64,15.2,83.0,0.079,0.0,0,1
2023-08-06,C1061,L1098,4374.7,15.8,68.1,6.162,0.0,0,1
2023-08-08,C1061,L1098,4879.0,15.2,85.4,0.018,0.0,0,0
2023-08-09,C1061,L1098,9416.02,18.1,72.1,2.983,0.0,0,0
2023-08-10,C1061,L1098,7516.2,20.7,68.4,0.0,0.0,0,0
2023-08-11,C1061,L1098,7460.36,21.1,71.1,0.0,0.0,0,0
2023-08-12,C1061,L1098,8491.49,18.6,72.1,0.0,0.0,0,1
2023-08-13,C1061,L1098,4332.12,18.7,68.6,0.003,0.0,0,1
2023-08-15,C1061,L1098,5295.8,18.6,71.9,0.0,0.0,0,0
2023-08-16,C1061,L1098,8010.19,20.0,64.8,0.198,0.0,0,0
2023-08-17,C1061,L1098,8650.54,19.7,72.3,0.0,0.0,0,0
2023-08-18,C1061,L1098,8364.39,20.2,79.8,0.026,0.0,0,0
2023-08-19,C1061,L1098,10507.27,20.4,73.6,0.011,0.0,0,1
2023-08-20,C1061,L1098,3178.0,19.8,69.7,0.0,0.0,0,1
2023-08-22,C1061,L1098,6592.45,20.0,68.6,0.0,0.0,0,0
2023-08-23,C1061,L1098,9948.11,21.1,62.5,0.0,0.0,0,0
2023-08-24,C1061,L1098,11363.0,20.3,74.9,0.005,0.0,0,0
2023-08-25,C1061,L1098,8716.22,17.7,60.2,2.982,0.0,0,0
2023-08-26,C1061,L1098,8140.88,15.0,82.8,10.543,0.0,0,1
2023-08-27,C1061,L1098,5826.63,15.7,74.3,0.0,0.0,0,1
2023-08-29,C1061,L1098,3689.13,16.9,68.4,0.201,0.0,0,0
2023-08-30,C1061,L1098,5288.47,15.8,68.3,0.002,0.0,0,0
2023-08-31,C1061,L1098,5840.09,14.6,80.7,0.4,0.0,0,0
2023-09-01,C1061,L1098,8710.5,18.4,83.0,0.232,0.0,0,0
2023-09-02,C1061,L1098,10429.26,19.7,76.8,0.0,0.0,0,1
2023-09-03,C1061,L1098,3662.81,19.8,74.5,0.0,0.0,0,1
2023-09-05,C1061,L1098,6222.84,21.9,65.7,0.0,0.0,0,0
2023-09-06,C1061,L1098,7536.26,23.1,67.0,0.0,0.0,0,0
2023-09-07,C1061,L1098,8419.14,24.1,66.7,0.0,0.0,0,0
2023-09-08,C1061,L1098,9115.39,23.7,69.0,0.0,0.0,0,0
2023-09-09,C1061,L1098,7294.5,25.2,61.0,0.0,0.0,0,1
2023-09-10,C1061,L1098,6135.5,23.9,69.0,0.0,0.0,0,1
2023-09-12,C1061,L1098,6932.35,19.8,77.2,0.019,0.0,0,0
2023-09-13,C1061,L1098,6988.36,17.0,70.9,0.206,0.0,0,0
2023-09-14,C1061,L1098,12847.57,18.0,68.3,0.0,0.0,0,0
2023-09-15,C1061,L1098,4193.0,18.7,72.3,0.0,0.0,0,0
2023-09-16,C1061,L1098,8970.13,20.2,69.5,0.0,0.0,0,1
2023-09-17,C1061,L1098,4881.29,18.7,83.2,0.033,0.0,0,1
2023-09-19,C1061,L1098,5399.39,16.6,78.1,0.4,0.0,0,0
2023-09-20,C1061,L1098,8616.24,17.9,81.0,0.152,0.0,0,0
2023-09-21,C1061,L1098,9478.0,14.1,85.0,25.267,0.0,0,0
2023-09-22,C1061,L1098,9444.84,13.5,79.8,7.942,0.0,0,0
2023-09-23,C1061,L1098,11452.88,13.3,70.6,0.399,0.0,0,1
2023-09-24,C1061,L1098,4719.04,16.6,73.1,0.0,0.0,0,1
2023-09-26,C1061,L1098,6340.84,18.3,76.0,0.0,0.0,0,0
2023-09-27,C1061,L1098,7255.49,18.0,79.0,0.0,0.0,0,0
2023-09-28,C1061,L1098,8134.19,17.2,70.3,0.001,0.0,0,0
2023-09-29,C1061,L1098,8930.3,17.5,72.9,1.221,0.0,0,0
2023-09-30,C1061,L1098,12283.4,15.5,74.0,0.0,0.0,0,1
2023-10-01,C1061,L1098,5548.4,18.6,80.9,0.0,0.0,0,1
2023-10-03,C1061,L1098,7071.39,15.5,74.0,0.604,0.0,0,0
2023-10-04,C1061,L1098,8902.7,14.3,75.3,0.198,0.0,0,0
2023-10-05,C1061,L1098,9689.4,15.3,72.1,0.0,0.0,0,0
2023-10-06,C1061,L1098,9402.4,16.7,76.0,0.0,0.0,0,0
2023-10-07,C1061,L1098,13582.1,18.5,73.0,0.0,0.0,0,1
2023-10-08,C1061,L1098,5955.4,18.1,73.3,0.0,0.0,0,1
2023-10-10,C1061,L1098,9086.2,17.4,79.7,0.0,0.0,0,0
2023-10-11,C1061,L1098,6618.5,17.4,82.6,0.009,0.0,0,0
2023-10-12,C1061,L1098,9434.4,14.9,94.4,0.057,0.0,0,0
2023-10-13,C1061,L1098,10622.7,17.1,84.4,0.104,0.0,0,0
2023-10-14,C1061,L1098,16320.3,10.2,75.1,3.189,0.0,0,1
2023-10-15,C1061,L1098,4555.5,7.5,69.4,0.0,0.0,0,1
2023-10-17,C1061,L1098,6746.6,12.6,65.6,0.0,0.0,0,0
2023-10-18,C1061,L1098,9792.5,13.4,81.7,0.089,0.0,0,0
2023-10-19,C1061,L1098,9185.8,16.4,86.8,11.155,0.0,0,0
2023-10-20,C1061,L1098,10424.4,14.9,89.9,23.405,0.0,0,0
2023-10-21,C1061,L1098,14962.4,13.4,90.6,0.047,0.0,0,1
2023-10-22,C1061,L1098,4433.0,10.9,80.7,11.711,0.0,0,1
2023-10-24,C1061,L1098,5565.0,11.1,86.6,0.035,0.0,0,0
2023-10-25,C1061,L1098,6854.9,11.1,85.8,2.789,0.0,0,0
2023-10-26,C1061,L1098,8633.9,12.2,86.9,2.808,0.0,0,0
2023-10-27,C1061,L1098,9703.5,10.6,89.2,1.398,0.0,0,0
2023-10-28,C1061,L1098,16163.1,12.1,87.9,2.26,0.0,0,1
2023-10-29,C1061,L1098,4706.0,10.7,89.2,7.058,0.0,0,1
2023-10-31,C1061,L1098,6511.6,10.7,90.5,0.013,0.0,0,0
2023-11-01,C1061,L1098,7466.3,12.4,84.5,7.432,0.0,0,0
2023-11-02,C1061,L1098,10848.9,10.4,88.9,14.06,0.0,0,0
2023-11-03,C1061,L1098,12009.6,9.9,82.2,0.03,0.0,0,0
2023-11-04,C1061,L1098,12168.0,9.1,90.7,1.839,0.0,0,1
2023-11-05,C1061,L1098,7083.5,10.2,82.3,0.011,0.0,0,1
2023-11-07,C1061,L1098,5690.5,8.6,84.5,0.0,0.0,0,0
2023-11-08,C1061,L1098,9250.7,9.5,90.8,0.04,0.0,0,0
2023-11-09,C1061,L1098,8182.0,8.2,83.9,4.973,0.0,0,0
2023-11-10,C1061,L1098,9682.9,7.5,83.6,0.013,0.0,0,0
2023-11-11,C1061,L1098,12814.6,5.8,87.9,0.596,0.0,0,1
2023-11-12,C1061,L1098,3720.0,8.0,90.2,0.203,0.0,0,1
2023-11-14,C1061,L1098,8953.5,10.8,86.7,10.21,0.0,0,0
2023-11-15,C1061,L1098,8655.2,9.0,82.5,0.198,0.0,0,0
2023-11-16,C1061,L1098,7120.7,7.2,88.6,0.01,0.0,0,0
2023-11-17,C1061,L1098,10562.1,7.1,88.5,0.597,0.0,0,0
2023-11-18,C1061,L1098,16588.3,12.4,90.8,3.221,0.0,0,1
2023-11-19,C1061,L1098,7149.5,12.4,78.2,1.392,0.0,0,1
2023-11-21,C1061,L1098,7553.4,10.2,84.1,0.4,0.0,0,0
2023-11-22,C1061,L1098,7864.0,8.3,86.5,0.0,0.0,0,0
2023-11-23,C1061,L1098,7752.0,10.6,86.3,0.0,0.0,0,0
2023-11-24,C1061,L1098,10962.6,8.1,60.3,0.0,0.0,0,0
2023-11-25,C1061,L1098,12058.0,3.2,73.4,0.0,0.0,0,1
2023-11-26,C1061,L1098,7005.0,4.1,90.7,0.028,0.0,0,1
2023-11-28,C1061,L1098,6727.9,5.2,82.7,2.384,0.0,0,0
2023-11-29,C1061,L1098,9910.0,3.8,78.1,0.0,0.0,0,0
2023-11-30,C1061,L1098,8546.1,1.9,82.4,0.0,0.0,0,0
2023-12-01,C1061,L1098,11486.8,1.5,86.3,0.001,0.0,0,0
2023-12-02,C1061,L1098,15653.7,-0.5,92.7,0.0,0.0,0,1
2023-12-03,C1061,L1098,5807.1,5.4,92.0,0.422,0.0,0,1
2023-12-05,C1061,L1098,9636.7,6.3,88.5,2.4,0.0,0,0
2023-12-06,C1061,L1098,11047.0,3.8,88.1,0.0,0.0,0,0
2023-12-07,C1061,L1098,20861.9,7.2,84.5,1.611,0.0,0,0
2023-12-08,C1061,L1098,15279.4,8.8,87.9,0.01,0.0,0,0
2023-12-09,C1061,L1098,16647.9,10.3,80.1,1.659,0.0,0,1
2023-12-10,C1061,L1098,5233.91,9.8,80.7,7.757,0.0,0,1
2023-12-12,C1061,L1098,9092.4,9.4,93.9,5.645,0.0,0,0
2023-12-13,C1061,L1098,13647.7,7.8,87.6,6.165,0.0,0,0
2023-12-14,C1061,L1098,16113.2,6.0,89.9,0.598,0.0,0,0
2023-12-15,C1061,L1098,13997.5,7.5,83.5,0.0,0.0,0,0
2023-12-16,C1061,L1098,11222.7,10.0,88.6,0.0,0.0,0,1
2023-12-17,C1061,L1098,7976.6,10.3,79.2,0.0,0.0,0,1
2023-12-19,C1061,L1098,10330.5,10.3,88.8,15.572,0.0,0,0
2023-12-20,C1061,L1098,8041.7,8.2,83.3,0.0,0.0,0,0
2023-12-21,C1061,L1098,6688.8,12.1,71.6,0.001,0.0,0,0
2023-12-22,C1061,L1098,5389.4,11.0,73.7,0.2,0.0,0,0
2023-12-23,C1061,L1098,5239.1,10.8,75.2,0.0,0.0,0,1
2023-12-27,C1061,L1098,6059.6,10.5,85.8,4.0,0.0,0,0
2023-12-28,C1061,L1098,6383.0,11.7,75.1,0.231,0.0,0,0
2023-12-29,C1061,L1098,8684.8,9.8,74.9,3.177,0.0,0,0
2023-12-30,C1061,L1098,7345.9,9.8,83.7,0.206,0.0,0,1
2023-12-31,C1061,L1098,7695.5,8.5,81.8,7.999,0.0,0,1
2024-01-03,C1061,L1098,4074.8,10.0,80.7,1.799,0.0,0,0
2024-01-04,C1061,L1098,4202.0,8.0,86.3,21.797,0.0,0,0
2024-01-05,C1061,L1098,5708.1,6.6,84.8,1.41,0.0,0,0
2024-01-06,C1061,L1098,8753.1,6.1,79.4,0.205,0.0,0,1
2024-01-07,C1061,L1098,4650.7,4.0,69.6,0.0,0.0,0,1
2024-01-10,C1061,L1098,2922.4,3.1,63.7,0.0,0.0,0,0
2024-01-11,C1061,L1098,4995.8,3.2,82.0,0.0,0.0,0,0
2024-01-12,C1061,L1098,11485.4,5.5,79.5,0.0,0.0,0,0
2024-01-13,C1061,L1098,15097.0,3.3,82.6,0.0,0.0,0,1
2024-01-14,C1061,L1098,5044.8,4.4,80.4,0.002,0.0,0,1
2024-01-16,C1061,L1098,8456.8,0.1,71.0,0.0,0.0,0,0
2024-01-17,C1061,L1098,7766.4,1.3,76.5,0.0,0.0,0,0
2024-01-18,C1061,L1098,9960.2,-0.4,68.0,0.0,0.0,0,0
2024-01-19,C1061,L1098,9194.4,0.4,78.3,0.0,0.0,0,0
2024-01-20,C1061,L1098,11486.7,4.0,70.3,0.0,0.0,0,1
2024-01-21,C1061,L1098,5619.1,9.5,78.9,0.612,0.0,0,1
2024-01-23,C1061,L1098,5492.6,9.5,85.2,0.012,0.0,0,0
2024-01-24,C1061,L1098,6709.1,11.0,68.0,2.788,0.0,0,0
2024-01-25,C1061,L1098,10067.1,10.0,88.0,0.0,0.0,0,0
2024-01-26,C1061,L1098,9985.9,9.1,68.3,2.002,0.0,0,0
2024-01-27,C1061,L1098,13968.0,5.0,81.8,0.0,0.0,0,1
2024-01-28,C1061,L1098,3252.5,7.0,82.4,0.0,0.0,0,1
2024-01-30,C1061,L1098,4238.0,9.1,77.5,0.0,0.0,0,0
2024-01-31,C1061,L1098,7034.5,8.8,72.5,0.199,0.0,0,0
2024-02-01,C1061,L1098,9992.0,7.7,69.9,0.001,0.0,0,0
2024-02-02,C1061,L1098,10843.4,9.8,82.9,0.0,0.0,0,0
2024-02-03,C1061,L1098,12115.2,12.1,83.6,0.002,0.0,0,1
2024-02-04,C1061,L1098,4367.0,11.9,85.1,0.202,0.0,0,1
2024-02-06,C1061,L1098,7861.6,12.6,76.2,0.009,0.0,0,0
2024-02-07,C1061,L1098,7490.5,5.9,87.0,13.382,0.0,0,0
2024-02-08,C1061,L1098,6169.4,7.9,92.0,1.692,0.0,0,0
2024-02-09,C1061,L1098,9695.2,11.1,89.8,18.543,0.0,0,0
2024-02-10,C1061,L1098,11008.7,9.9,87.2,0.002,0.0,0,1
2024-02-11,C1061,L1098,5457.8,8.9,82.4,0.61,0.0,0,1
2024-02-13,C1061,L1098,6169.8,8.5,85.9,0.806,0.0,0,0
2024-02-14,C1061,L1098,8771.4,12.6,88.3,0.998,0.0,0,0
2024-02-15,C1061,L1098,11427.2,13.9,80.7,0.601,0.0,0,0
2024-02-16,C1061,L1098,10358.5,11.8,79.2,1.792,0.0,0,0
2024-02-17,C1061,L1098,12388.4,11.3,84.6,3.586,0.0,0,1
2024-02-18,C1061,L1098,4748.0,12.4,84.7,14.817,0.0,0,1
2024-02-20,C1061,L1098,6463.4,9.2,83.4,0.0,0.0,0,0
2024-02-21,C1061,L1098,7659.0,10.5,86.7,6.985,0.0,0,0
2024-02-22,C1061,L1098,10157.5,8.2,88.1,12.207,0.0,0,0
2024-02-23,C1061,L1098,11734.4,5.8,81.4,2.196,0.0,0,0
2024-02-24,C1061,L1098,18687.9,5.0,83.6,0.199,0.0,0,1
2024-02-25,C1061,L1098,6873.2,5.2,88.7,3.807,0.0,0,1
2024-02-27,C1061,L1098,8551.3,6.6,74.4,0.0,0.0,0,0
2024-02-28,C1061,L1098,10344.7,9.5,86.0,0.003,0.0,0,0
2024-02-29,C1061,L1098,10940.7,9.4,86.6,5.422,0.0,0,0
2024-03-01,C1061,L1098,11989.9,5.8,81.5,7.405,0.0,0,0
2024-03-02,C1061,L1098,12792.8,5.9,82.7,7.668,0.0,0,1
2024-03-03,C1061,L1098,7624.8,5.3,78.0,0.0,0.0,0,1
2024-03-05,C1061,L1098,8230.5,8.2,82.1,0.6,0.0,0,0
2024-03-06,C1061,L1098,7684.0,7.9,82.3,0.0,0.0,0,0
2024-03-07,C1061,L1098,9422.3,8.0,80.0,0.0,0.0,0,0
2024-03-08,C1061,L1098,10442.0,7.5,74.6,0.0,0.0,0,0
2024-03-09,C1061,L1098,15187.1,9.8,73.2,0.001,0.0,0,1
2024-03-10,C1061,L1098,8048.1,8.6,93.1,11.184,0.0,0,1
2024-03-12,C1061,L1098,6116.3,10.4,90.4,10.613,0.0,0,0
2024-03-13,C1061,L1098,7406.7,12.1,81.3,0.0,0.0,0,0
2024-03-14,C1061,L1098,14573.2,12.1,81.1,0.205,0.0,0,0
2024-03-15,C1061,L1098,8715.4,12.9,78.3,0.005,0.0,0,0
2024-03-16,C1061,L1098,16280.3,10.2,69.1,0.0,0.0,0,1
2024-03-17,C1061,L1098,7590.0,12.3,86.4,4.596,0.0,0,1
2024-03-19,C1061,L1098,7006.8,11.9,82.3,0.002,0.0,0,0
2024-03-20,C1061,L1098,9675.4,13.6,74.0,0.001,0.0,0,0
2024-03-21,C1061,L1098,9523.0,12.5,77.0,0.0,0.0,0,0
2024-03-22,C1061,L1098,12929.0,10.3,72.6,0.798,0.0,0,0
2024-03-23,C1061,L1098,15381.7,7.6,64.3,0.208,0.0,0,1
2024-03-24,C1061,L1098,8362.7,8.9,61.7,0.397,0.0,0,1
2024-03-26,C1061,L1098,8281.5,10.2,73.1,3.204,0.0,0,0
2024-03-27,C1061,L1098,9065.1,8.2,77.8,10.803,0.0,0,0
2024-03-28,C1061,L1098,11192.9,8.7,78.3,7.1,0.0,0,0
2024-03-29,C1061,L1098,12335.8,10.3,74.8,0.7,0.0,1,0
2024-03-30,C1061,L1098,12130.0,10.0,70.3,0.0,0.0,0,1
2024-03-31,C1061,L1098,6530.3,9.5,84.3,0.9,0.0,0,1
2024-04-02,C1061,L1098,5255.9,11.0,79.1,0.614,0.0,0,0
2024-04-03,C1061,L1098,5939.1,11.9,79.6,3.027,0.0,0,0
2024-04-04,C1061,L1098,9761.3,12.6,80.7,4.405,0.0,0,0
2024-04-05,C1061,L1098,9636.5,14.4,76.8,1.012,0.0,0,0
2024-04-06,C1061,L1098,11313.4,16.5,65.1,0.0,0.0,0,1
2024-04-07,C1061,L1098,6331.2,13.7,64.6,0.0,0.0,0,1
2024-04-09,C1061,L1098,7611.7,10.3,68.1,0.411,0.0,0,0
2024-04-10,C1061,L1098,7414.5,9.9,81.2,0.604,0.0,0,0
2024-04-11,C1061,L1098,10453.5,15.0,81.9,0.0,0.0,0,0
2024-04-12,C1061,L1098,10895.5,15.2,69.0,0.0,0.0,0,0
2024-04-13,C1061,L1098,14136.1,15.8,68.3,0.0,0.0,0,1
2024-04-14,C1061,L1098,6297.0,11.9,59.5,0.0,0.0,0,1
2024-04-16,C1061,L1098,6182.4,10.2,64.9,0.427,0.0,0,0
2024-04-17,C1061,L1098,9226.5,8.5,63.7,0.0,0.0,0,0
2024-04-18,C1061,L1098,9935.1,9.7,60.5,0.2,0.0,0,0
2024-04-19,C1061,L1098,10948.5,10.6,73.0,5.179,0.0,0,0
2024-04-20,C1061,L1098,13367.0,8.2,56.9,0.0,0.0,0,1
2024-04-21,C1061,L1098,6012.1,8.6,60.1,0.0,0.0,0,1
2024-04-23,C1061,L1098,8520.9,8.2,74.7,0.401,0.0,0,0
2024-04-24,C1061,L1098,8318.4,8.2,56.7,0.0,0.0,0,0
2024-04-25,C1061,L1098,8351.9,7.8,72.1,1.4,0.0,0,0
2024-04-26,C1061,L1098,12475.4,9.1,62.4,0.0,0.0,0,0
2024-04-27,C1061,L1098,14468.9,8.6,83.8,3.452,0.0,0,1
2024-04-28,C1061,L1098,5759.0,9.2,81.0,17.016,0.0,0,1
2024-04-30,C1061,L1098,7641.0,13.7,65.9,0.0,0.0,0,0
2024-05-01,C1061,L1098,6839.0,14.7,81.3,0.2,0.0,0,0
2024-05-02,C1061,L1098,10542.0,13.3,85.4,6.783,0.0,0,0
2024-05-03,C1061,L1098,10549.8,10.9,87.5,5.409,0.0,0,0
2024-05-04,C1061,L1098,13172.3,12.6,72.6,0.001,0.0,0,1
2024-05-05,C1061,L1098,10779.7,12.7,75.4,0.0,0.0,0,1
2024-05-07,C1061,L1098,6661.8,15.0,71.8,0.997,0.0,0,0
2024-05-08,C1061,L1098,8137.1,14.8,72.4,0.0,0.0,0,0
2024-05-09,C1061,L1098,10889.9,17.0,66.6,0.0,0.0,0,0
2024-05-10,C1061,L1098,11576.6,17.5,65.0,0.0,0.0,0,0
2024-05-11,C1061,L1098,12841.2,16.3,72.5,0.0,0.0,0,1
2024-05-12,C1061,L1098,6030.5,19.2,62.9,0.0,0.0,0,1
2024-05-14,C1061,L1098,7227.8,15.6,77.8,3.598,0.0,0,0
2024-05-15,C1061,L1098,12003.5,16.6,69.7,0.798,0.0,0,0
2024-05-16,C1061,L1098,7846.8,14.2,89.1,10.131,0.0,0,0
2024-05-17,C1061,L1098,10863.8,16.3,70.4,0.0,0.0,0,0
2024-05-18,C1061,L1098,12966.2,15.7,78.1,0.199,0.0,0,1
2024-05-19,C1061,L1098,6932.81,16.9,63.5,0.0,0.0,0,1
2024-05-21,C1061,L1098,10106.0,13.5,87.1,14.167,0.0,0,0
2024-05-22,C1061,L1098,9502.8,14.0,94.0,11.23,0.0,0,0
2024-05-23,C1061,L1098,10642.0,14.6,73.1,0.002,0.0,0,0
2024-05-24,C1061,L1098,7792.5,14.5,63.6,0.0,0.0,0,0
2024-05-25,C1061,L1098,13532.4,15.7,64.1,0.0,0.0,0,1
2024-05-26,C1061,L1098,7249.2,15.6,74.4,5.61,0.0,0,1
2024-05-28,C1061,L1098,8042.8,14.2,87.4,1.803,0.0,0,0
2024-05-29,C1061,L1098,5607.6,16.5,68.8,0.204,0.0,0,0
2024-05-30,C1061,L1098,9752.5,15.1,70.0,0.208,0.0,0,0
2024-05-31,C1061,L1098,9616.0,13.4,75.0,0.0,0.0,0,0
2024-06-01,C1061,L1098,11266.7,13.0,72.5,0.0,0.0,0,1
2024-06-02,C1061,L1098,6284.0,16.2,63.0,0.0,0.0,0,1
2024-06-03,C1061,L1098,216.5,16.8,70.3,0.0,0.0,0,0
2024-06-04,C1061,L1098,5273.6,17.0,72.4,0.2,0.0,0,0
2024-06-05,C1061,L1098,8500.7,13.4,49.8,0.0,0.0,0,0
2024-06-06,C1061,L1098,8232.3,13.7,53.4,0.0,0.0,0,0
